subject,body
Important: Verify Your Account,"Dear user,

Your account has been flagged for suspicious activity. Please verify immediately at https://courseramedia.site/marketing/3mail@b.c

Thank you."
Important: Verify Your Account,"Dear user,

Your account has been flagged for suspicious activity. Please verify immediately at https://csst.at/profile/76561198435643373

Thank you."
Important: Verify Your Account,"Dear user,

Your account has been flagged for suspicious activity. Please verify immediately at https://robx-kappa.vercel.app/

Thank you."
Important: Verify Your Account,"Dear user,

Your account has been flagged for suspicious activity. Please verify immediately at http://parking-pcnqo.group/pay

Thank you."
Important: Verify Your Account,"Dear user,

Your account has been flagged for suspicious activity. Please verify immediately at http://mehtamasj-llofign.godaddysites.com/

Thank you."
Important: Verify Your Account,"Dear user,

Your account has been flagged for suspicious activity. Please verify immediately at http://mmamask-us.godaddysites.com/

Thank you."
Important: Verify Your Account,"Dear user,

Your account has been flagged for suspicious activity. Please verify immediately at https://www.ledger-apparaat.com/

Thank you."
Important: Verify Your Account,"Dear user,

Your account has been flagged for suspicious activity. Please verify immediately at https://bamcapsorinternetwebn.click/

Thank you."
Important: Verify Your Account,"Dear user,

Your account has been flagged for suspicious activity. Please verify immediately at http://iman158.com/

Thank you."
Important: Verify Your Account,"Dear user,

Your account has been flagged for suspicious activity. Please verify immediately at https://phymed.in/ticketspice.comuserssignin=synchronization/

Thank you."
Important: Verify Your Account,"Dear user,

Your account has been flagged for suspicious activity. Please verify immediately at http://www.amazongrowthlabai.com/

Thank you."
Important: Verify Your Account,"Dear user,

Your account has been flagged for suspicious activity. Please verify immediately at http://ledger-connect.pages.dev/

Thank you."
Important: Verify Your Account,"Dear user,

Your account has been flagged for suspicious activity. Please verify immediately at http://jhjghfyyttrtd.weebly.com/

Thank you."
Important: Verify Your Account,"Dear user,

Your account has been flagged for suspicious activity. Please verify immediately at http://ledgerrlive-wallt.pages.dev/

Thank you."
Important: Verify Your Account,"Dear user,

Your account has been flagged for suspicious activity. Please verify immediately at https://0shopify.shop/

Thank you."
Important: Verify Your Account,"Dear user,

Your account has been flagged for suspicious activity. Please verify immediately at http://videoscopa.blogspot.com/

Thank you."
Important: Verify Your Account,"Dear user,

Your account has been flagged for suspicious activity. Please verify immediately at http://myapple.webflow.io/

Thank you."
Important: Verify Your Account,"Dear user,

Your account has been flagged for suspicious activity. Please verify immediately at http://uspswebinars.com/

Thank you."
Important: Verify Your Account,"Dear user,

Your account has been flagged for suspicious activity. Please verify immediately at https://ja-buyname00.com/

Thank you."
Important: Verify Your Account,"Dear user,

Your account has been flagged for suspicious activity. Please verify immediately at http://www.jhjghfyyttrtd.weebly.com/

Thank you."
Important: Verify Your Account,"Dear user,

Your account has been flagged for suspicious activity. Please verify immediately at https://ytinifnipictures.codeberg.page/pdf.html

Thank you."
Important: Verify Your Account,"Dear user,

Your account has been flagged for suspicious activity. Please verify immediately at http://www.1757597664525-noreplysupport-usaawire.surge.sh/

Thank you."
Important: Verify Your Account,"Dear user,

Your account has been flagged for suspicious activity. Please verify immediately at http://ledger-live-downlloadd.pages.dev/

Thank you."
Important: Verify Your Account,"Dear user,

Your account has been flagged for suspicious activity. Please verify immediately at https://yardim.sbs/

Thank you."
Important: Verify Your Account,"Dear user,

Your account has been flagged for suspicious activity. Please verify immediately at https://mytamasklogen.webflow.io/

Thank you."
Important: Verify Your Account,"Dear user,

Your account has been flagged for suspicious activity. Please verify immediately at https://meetamskklogugein.webflow.io/

Thank you."
Important: Verify Your Account,"Dear user,

Your account has been flagged for suspicious activity. Please verify immediately at https://metameskelogi.webflow.io/

Thank you."
Important: Verify Your Account,"Dear user,

Your account has been flagged for suspicious activity. Please verify immediately at https://metamsskloggein.webflow.io/

Thank you."
Important: Verify Your Account,"Dear user,

Your account has been flagged for suspicious activity. Please verify immediately at https://metaman.webflow.io/

Thank you."
Important: Verify Your Account,"Dear user,

Your account has been flagged for suspicious activity. Please verify immediately at https://mettamasklogii.webflow.io/

Thank you."
Important: Verify Your Account,"Dear user,

Your account has been flagged for suspicious activity. Please verify immediately at https://mteamasklog.webflow.io/

Thank you."
Important: Verify Your Account,"Dear user,

Your account has been flagged for suspicious activity. Please verify immediately at https://meitamasklogien.webflow.io/

Thank you."
Important: Verify Your Account,"Dear user,

Your account has been flagged for suspicious activity. Please verify immediately at https://www.sushi-swaper.com/

Thank you."
Important: Verify Your Account,"Dear user,

Your account has been flagged for suspicious activity. Please verify immediately at https://concet-uphald-login.pages.dev/

Thank you."
Important: Verify Your Account,"Dear user,

Your account has been flagged for suspicious activity. Please verify immediately at https://ja-buynameq.com/

Thank you."
Important: Verify Your Account,"Dear user,

Your account has been flagged for suspicious activity. Please verify immediately at https://wel-netcoin-feq-app.pages.dev/

Thank you."
Important: Verify Your Account,"Dear user,

Your account has been flagged for suspicious activity. Please verify immediately at http://dana-kaget-indonesia-beige.vercel.app/

Thank you."
Important: Verify Your Account,"Dear user,

Your account has been flagged for suspicious activity. Please verify immediately at https://tigocolombia.top/

Thank you."
Important: Verify Your Account,"Dear user,

Your account has been flagged for suspicious activity. Please verify immediately at http://1757597664525-noreplysupport-usaawire.surge.sh/

Thank you."
Important: Verify Your Account,"Dear user,

Your account has been flagged for suspicious activity. Please verify immediately at https://alibabacomproductdetail16009951204858.pages.dev/

Thank you."
Important: Verify Your Account,"Dear user,

Your account has been flagged for suspicious activity. Please verify immediately at https://web-terzor-login-us.pages.dev/

Thank you."
Important: Verify Your Account,"Dear user,

Your account has been flagged for suspicious activity. Please verify immediately at https://connectullc.com/wp-includes/assets/tmp/vmo.html

Thank you."
Important: Verify Your Account,"Dear user,

Your account has been flagged for suspicious activity. Please verify immediately at https://karunajaiswal430-gif.github.io/netflix/

Thank you."
Important: Verify Your Account,"Dear user,

Your account has been flagged for suspicious activity. Please verify immediately at https://trezor-log-en-start.pages.dev/

Thank you."
Important: Verify Your Account,"Dear user,

Your account has been flagged for suspicious activity. Please verify immediately at https://trezo-io-start-welcome.pages.dev/

Thank you."
Important: Verify Your Account,"Dear user,

Your account has been flagged for suspicious activity. Please verify immediately at https://welcomm-trezer-log-x.pages.dev/

Thank you."
Important: Verify Your Account,"Dear user,

Your account has been flagged for suspicious activity. Please verify immediately at https://web-robinhud-logn-en.pages.dev/

Thank you."
Important: Verify Your Account,"Dear user,

Your account has been flagged for suspicious activity. Please verify immediately at https://jasonfighter12278.github.io/test/

Thank you."
Important: Verify Your Account,"Dear user,

Your account has been flagged for suspicious activity. Please verify immediately at http://qrvoicemessage.web.app/

Thank you."
Important: Verify Your Account,"Dear user,

Your account has been flagged for suspicious activity. Please verify immediately at http://coiennbaseeprrolog.godaddysites.com/

Thank you."
Important: Verify Your Account,"Dear user,

Your account has been flagged for suspicious activity. Please verify immediately at https://summitalarm.com/.6th/.7th/

Thank you."
Important: Verify Your Account,"Dear user,

Your account has been flagged for suspicious activity. Please verify immediately at https://8fd0f0fc-1e26-4bc4-9da7-0a5a5d3fc9eb-00-8m1aloekmthm.picard.replit.dev/

Thank you."
Important: Verify Your Account,"Dear user,

Your account has been flagged for suspicious activity. Please verify immediately at https://fabricio-10.github.io/Netflix/

Thank you."
Important: Verify Your Account,"Dear user,

Your account has been flagged for suspicious activity. Please verify immediately at https://rachitgupta11.github.io/Netflix-Clone/

Thank you."
Important: Verify Your Account,"Dear user,

Your account has been flagged for suspicious activity. Please verify immediately at https://areesha253.github.io/amazon_clone/

Thank you."
Important: Verify Your Account,"Dear user,

Your account has been flagged for suspicious activity. Please verify immediately at https://rachitgupta11.github.io/Amazon-Clone/

Thank you."
Important: Verify Your Account,"Dear user,

Your account has been flagged for suspicious activity. Please verify immediately at http://www.testflix-nextjs.vercel.app/

Thank you."
Important: Verify Your Account,"Dear user,

Your account has been flagged for suspicious activity. Please verify immediately at http://0ee3ac9509404ae8a2108a5154a8c2c8.rxbase.site/38c445cbcb034746ac406bcaa5817c56/

Thank you."
Important: Verify Your Account,"Dear user,

Your account has been flagged for suspicious activity. Please verify immediately at https://onedriv899.weebly.com/

Thank you."
Important: Verify Your Account,"Dear user,

Your account has been flagged for suspicious activity. Please verify immediately at http://ledgerrr-live-logiiin.pages.dev/

Thank you."
Important: Verify Your Account,"Dear user,

Your account has been flagged for suspicious activity. Please verify immediately at http://get-checkmark-for-you.web.app/

Thank you."
Important: Verify Your Account,"Dear user,

Your account has been flagged for suspicious activity. Please verify immediately at https://zarejestrujnumer.blue.pl/orange/

Thank you."
Important: Verify Your Account,"Dear user,

Your account has been flagged for suspicious activity. Please verify immediately at http://live-ledgr-wallet.pages.dev/

Thank you."
Important: Verify Your Account,"Dear user,

Your account has been flagged for suspicious activity. Please verify immediately at http://secure-ledgerlivedesktop.pages.dev/

Thank you."
Important: Verify Your Account,"Dear user,

Your account has been flagged for suspicious activity. Please verify immediately at https://robuux395.vercel.app/

Thank you."
Important: Verify Your Account,"Dear user,

Your account has been flagged for suspicious activity. Please verify immediately at http://pubilc-trezor-brid.pages.dev/

Thank you."
Important: Verify Your Account,"Dear user,

Your account has been flagged for suspicious activity. Please verify immediately at http://trezorbridge-safe-usa.pages.dev/

Thank you."
Important: Verify Your Account,"Dear user,

Your account has been flagged for suspicious activity. Please verify immediately at http://xzjkugzxcgcsaxyayxscas.pages.dev/

Thank you."
Important: Verify Your Account,"Dear user,

Your account has been flagged for suspicious activity. Please verify immediately at https://secure-uphold-log-in-app.pages.dev/

Thank you."
Important: Verify Your Account,"Dear user,

Your account has been flagged for suspicious activity. Please verify immediately at https://faq-ledgerr-io.pages.dev/

Thank you."
Important: Verify Your Account,"Dear user,

Your account has been flagged for suspicious activity. Please verify immediately at http://paqenvioespanawps.wpdevcloud.com/wp-admin/includes/explorer/biblioteca/billing.php

Thank you."
Important: Verify Your Account,"Dear user,

Your account has been flagged for suspicious activity. Please verify immediately at http://robuxx-navy.vercel.app/

Thank you."
Important: Verify Your Account,"Dear user,

Your account has been flagged for suspicious activity. Please verify immediately at http://bet73016.com/egame/255

Thank you."
Important: Verify Your Account,"Dear user,

Your account has been flagged for suspicious activity. Please verify immediately at https://uphold-ens-sso.pages.dev/

Thank you."
Important: Verify Your Account,"Dear user,

Your account has been flagged for suspicious activity. Please verify immediately at https://us-trezor-log-in.pages.dev/

Thank you."
Important: Verify Your Account,"Dear user,

Your account has been flagged for suspicious activity. Please verify immediately at https://us-ustrezor-log-in-faq.pages.dev/

Thank you."
Important: Verify Your Account,"Dear user,

Your account has been flagged for suspicious activity. Please verify immediately at http://dev-025114552211.pantheonsite.io/

Thank you."
Important: Verify Your Account,"Dear user,

Your account has been flagged for suspicious activity. Please verify immediately at https://vww-icloud.com/iframe/appleid2023.php?auth=139ad&ID=

Thank you."
Important: Verify Your Account,"Dear user,

Your account has been flagged for suspicious activity. Please verify immediately at http://mettumskmask-logjin.godaddysites.com/

Thank you."
Important: Verify Your Account,"Dear user,

Your account has been flagged for suspicious activity. Please verify immediately at http://amazonclone-inky-nine.vercel.app/

Thank you."
Important: Verify Your Account,"Dear user,

Your account has been flagged for suspicious activity. Please verify immediately at http://learn-trzo-suite-faq.pages.dev/

Thank you."
Important: Verify Your Account,"Dear user,

Your account has been flagged for suspicious activity. Please verify immediately at http://www.accountscenter-livechat.com/

Thank you."
Important: Verify Your Account,"Dear user,

Your account has been flagged for suspicious activity. Please verify immediately at https://upheld-login-cdns.pages.dev/

Thank you."
Important: Verify Your Account,"Dear user,

Your account has been flagged for suspicious activity. Please verify immediately at https://aumentosbhrd2025.infinityfree.me/

Thank you."
Important: Verify Your Account,"Dear user,

Your account has been flagged for suspicious activity. Please verify immediately at https://help-trezer-log-x.pages.dev/

Thank you."
Important: Verify Your Account,"Dear user,

Your account has been flagged for suspicious activity. Please verify immediately at https://twinson32.wixsite.com/my-site-1

Thank you."
Important: Verify Your Account,"Dear user,

Your account has been flagged for suspicious activity. Please verify immediately at https://axsiiz.cn/xzswa

Thank you."
Important: Verify Your Account,"Dear user,

Your account has been flagged for suspicious activity. Please verify immediately at http://goldminecompany.vercel.app/

Thank you."
Important: Verify Your Account,"Dear user,

Your account has been flagged for suspicious activity. Please verify immediately at https://interbankperu.ws/

Thank you."
Important: Verify Your Account,"Dear user,

Your account has been flagged for suspicious activity. Please verify immediately at http://tomorrow-solomon-jenny-easter.trycloudflare.com/

Thank you."
Important: Verify Your Account,"Dear user,

Your account has been flagged for suspicious activity. Please verify immediately at http://iman35.com/

Thank you."
Important: Verify Your Account,"Dear user,

Your account has been flagged for suspicious activity. Please verify immediately at https://device-help-cdn.netlify.app/

Thank you."
Important: Verify Your Account,"Dear user,

Your account has been flagged for suspicious activity. Please verify immediately at https://arvestrewardscard.embarkdigitalonboarding.com/

Thank you."
Important: Verify Your Account,"Dear user,

Your account has been flagged for suspicious activity. Please verify immediately at https://nseqhcajvlo.cc/cxmbexp/

Thank you."
Important: Verify Your Account,"Dear user,

Your account has been flagged for suspicious activity. Please verify immediately at https://nseqhcajvlo.cc/cnbpb/

Thank you."
Important: Verify Your Account,"Dear user,

Your account has been flagged for suspicious activity. Please verify immediately at https://nseqhcajvlo.cc/cnbbp/chatsupport.php

Thank you."
Important: Verify Your Account,"Dear user,

Your account has been flagged for suspicious activity. Please verify immediately at https://ledger-liveloginn.pages.dev/

Thank you."
Important: Verify Your Account,"Dear user,

Your account has been flagged for suspicious activity. Please verify immediately at http://owa.bdo.com/

Thank you."
Important: Verify Your Account,"Dear user,

Your account has been flagged for suspicious activity. Please verify immediately at http://frontend-mentor-easy-bank-landing-page.vercel.app/

Thank you."
Important: Verify Your Account,"Dear user,

Your account has been flagged for suspicious activity. Please verify immediately at https://usc1.contabostorage.com/e214985457464ed8ab1d97ad4149bd06:testjago/docusignnn.html

Thank you."
Important: Verify Your Account,"Dear user,

Your account has been flagged for suspicious activity. Please verify immediately at http://wexauthau-reyk.firebaseapp.com/

Thank you."
Important: Verify Your Account,"Dear user,

Your account has been flagged for suspicious activity. Please verify immediately at http://cn.manmvp572.com/

Thank you."
Important: Verify Your Account,"Dear user,

Your account has been flagged for suspicious activity. Please verify immediately at https://mtoken.men/

Thank you."
Important: Verify Your Account,"Dear user,

Your account has been flagged for suspicious activity. Please verify immediately at https://mtoken.ltd/

Thank you."
Important: Verify Your Account,"Dear user,

Your account has been flagged for suspicious activity. Please verify immediately at https://mtoken.bid/

Thank you."
Important: Verify Your Account,"Dear user,

Your account has been flagged for suspicious activity. Please verify immediately at https://agrobiobot.com/QGmMsSwN/

Thank you."
Important: Verify Your Account,"Dear user,

Your account has been flagged for suspicious activity. Please verify immediately at https://www.hyvast.net/

Thank you."
Important: Verify Your Account,"Dear user,

Your account has been flagged for suspicious activity. Please verify immediately at https://faq-trezor-login-us.pages.dev/

Thank you."
Important: Verify Your Account,"Dear user,

Your account has been flagged for suspicious activity. Please verify immediately at https://mtoken.bio/

Thank you."
Important: Verify Your Account,"Dear user,

Your account has been flagged for suspicious activity. Please verify immediately at https://higher-choice-221197.framer.app/

Thank you."
Important: Verify Your Account,"Dear user,

Your account has been flagged for suspicious activity. Please verify immediately at https://ijatinsharma09.github.io/Amazon-clone/

Thank you."
Important: Verify Your Account,"Dear user,

Your account has been flagged for suspicious activity. Please verify immediately at https://allegrolokalnie.pl-oferta341511.icu/oferta/22125024/samsung-galaxy-s25-ultra-titanium-black

Thank you."
Important: Verify Your Account,"Dear user,

Your account has been flagged for suspicious activity. Please verify immediately at https://start-lrezor-login-en.pages.dev/

Thank you."
Important: Verify Your Account,"Dear user,

Your account has been flagged for suspicious activity. Please verify immediately at https://en-trezor-log-in.pages.dev/

Thank you."
Important: Verify Your Account,"Dear user,

Your account has been flagged for suspicious activity. Please verify immediately at https://mmeatammaskklogin.webflow.io/

Thank you."
Important: Verify Your Account,"Dear user,

Your account has been flagged for suspicious activity. Please verify immediately at http://rohinbood__logiin.godaddysites.com/

Thank you."
Important: Verify Your Account,"Dear user,

Your account has been flagged for suspicious activity. Please verify immediately at https://auth-secure.pt/

Thank you."
Important: Verify Your Account,"Dear user,

Your account has been flagged for suspicious activity. Please verify immediately at https://rongbt.cn/Login

Thank you."
Important: Verify Your Account,"Dear user,

Your account has been flagged for suspicious activity. Please verify immediately at https://asaite.cn/Login

Thank you."
Important: Verify Your Account,"Dear user,

Your account has been flagged for suspicious activity. Please verify immediately at https://seccry.cn/Login

Thank you."
Important: Verify Your Account,"Dear user,

Your account has been flagged for suspicious activity. Please verify immediately at https://faq-trezor-tog-in.pages.dev/

Thank you."
Important: Verify Your Account,"Dear user,

Your account has been flagged for suspicious activity. Please verify immediately at http://coinabasa_uslogi.godaddysites.com/

Thank you."
Important: Verify Your Account,"Dear user,

Your account has been flagged for suspicious activity. Please verify immediately at http://www.qarenaqar.com/3ad53606-5798-44f0-b09a-fa1cb032de80/

Thank you."
Important: Verify Your Account,"Dear user,

Your account has been flagged for suspicious activity. Please verify immediately at http://purchase-proforma-invoice.vercel.app/?naps

Thank you."
Important: Verify Your Account,"Dear user,

Your account has been flagged for suspicious activity. Please verify immediately at https://smtpout.sspl.com.au/mobile/login

Thank you."
Important: Verify Your Account,"Dear user,

Your account has been flagged for suspicious activity. Please verify immediately at https://mta-sts.sspl.com.au/mobile/login

Thank you."
Important: Verify Your Account,"Dear user,

Your account has been flagged for suspicious activity. Please verify immediately at https://temp.sspl.com.au/mobile/login

Thank you."
Important: Verify Your Account,"Dear user,

Your account has been flagged for suspicious activity. Please verify immediately at https://mailgw.sspl.com.au/mobile/login

Thank you."
Important: Verify Your Account,"Dear user,

Your account has been flagged for suspicious activity. Please verify immediately at http://mateimsklogi-usa.godaddysites.com/

Thank you."
Important: Verify Your Account,"Dear user,

Your account has been flagged for suspicious activity. Please verify immediately at https://spam.sspl.com.au/mobile/login

Thank you."
Important: Verify Your Account,"Dear user,

Your account has been flagged for suspicious activity. Please verify immediately at https://vodafone.com-wrd.vip/es

Thank you."
Important: Verify Your Account,"Dear user,

Your account has been flagged for suspicious activity. Please verify immediately at https://faq-ledg-erlive-manage.pages.dev/

Thank you."
Important: Verify Your Account,"Dear user,

Your account has been flagged for suspicious activity. Please verify immediately at http://officelive365-cancel-requests-5328.42web.io/?i=1

Thank you."
Important: Verify Your Account,"Dear user,

Your account has been flagged for suspicious activity. Please verify immediately at https://bitly.cx/services-online-cancel-request

Thank you."
Important: Verify Your Account,"Dear user,

Your account has been flagged for suspicious activity. Please verify immediately at https://caspersfriendmn.wixsite.com/my-site-2

Thank you."
Important: Verify Your Account,"Dear user,

Your account has been flagged for suspicious activity. Please verify immediately at https://crochetpatterns.space/S3N5N2I5bENENFJlbjZvWFBuZlY2aDFWeW54WnBrelE4M2wvYlJBUGM2RXMvQ2JCZGZEZ1lsVkZIVk5Mcmt6MUh5SXpYV000cXBNYmt6NkI4K1pvbFBhZ3hodzFyaXVkY2VlZ3dzcEdyazA9

Thank you."
Important: Verify Your Account,"Dear user,

Your account has been flagged for suspicious activity. Please verify immediately at https://free-fire-battlegrounds.apkcafe.ae/

Thank you."
Important: Verify Your Account,"Dear user,

Your account has been flagged for suspicious activity. Please verify immediately at http://netcoins-login-feq.pages.dev/

Thank you."
Important: Verify Your Account,"Dear user,

Your account has been flagged for suspicious activity. Please verify immediately at https://gfjh.dudaone.com/

Thank you."
Important: Verify Your Account,"Dear user,

Your account has been flagged for suspicious activity. Please verify immediately at http://geimilugies.godaddysites.com/

Thank you."
Important: Verify Your Account,"Dear user,

Your account has been flagged for suspicious activity. Please verify immediately at https://nav-coiinbsepro-login-en.pages.dev/

Thank you."
Important: Verify Your Account,"Dear user,

Your account has been flagged for suspicious activity. Please verify immediately at https://ghuglot-arun.github.io/netflix-clone/

Thank you."
Important: Verify Your Account,"Dear user,

Your account has been flagged for suspicious activity. Please verify immediately at https://en-liegor-start.pages.dev/

Thank you."
Important: Verify Your Account,"Dear user,

Your account has been flagged for suspicious activity. Please verify immediately at https://support-ledggr-com.pages.dev/

Thank you."
Important: Verify Your Account,"Dear user,

Your account has been flagged for suspicious activity. Please verify immediately at https://netflix-clone-ui-eight.vercel.app/

Thank you."
Important: Verify Your Account,"Dear user,

Your account has been flagged for suspicious activity. Please verify immediately at https://netflix-peach-tau.vercel.app/

Thank you."
Important: Verify Your Account,"Dear user,

Your account has been flagged for suspicious activity. Please verify immediately at https://learn-coinbase-access.pages.dev/

Thank you."
Important: Verify Your Account,"Dear user,

Your account has been flagged for suspicious activity. Please verify immediately at http://aoobpcuhxr.duckdns.org/en/

Thank you."
Important: Verify Your Account,"Dear user,

Your account has been flagged for suspicious activity. Please verify immediately at https://pro-ext-view.pages.dev/

Thank you."
Important: Verify Your Account,"Dear user,

Your account has been flagged for suspicious activity. Please verify immediately at https://localtalent.ph/waysfind/

Thank you."
Important: Verify Your Account,"Dear user,

Your account has been flagged for suspicious activity. Please verify immediately at https://elcynhaxrq087.curiouskidsphotography.com:8443/impact?ooZvbdy2ixj1nbbfn4c=3mail@b.c/

Thank you."
Important: Verify Your Account,"Dear user,

Your account has been flagged for suspicious activity. Please verify immediately at https://abhijithmt.github.io/netflix-login/

Thank you."
Important: Verify Your Account,"Dear user,

Your account has been flagged for suspicious activity. Please verify immediately at https://sebastianidk.github.io/Netflix/

Thank you."
Important: Verify Your Account,"Dear user,

Your account has been flagged for suspicious activity. Please verify immediately at https://mail.en.surveytime.com.sg/s/63BZGFSVBWSFCDX7Y9/584dd8/90eab167-7429-489f-99f6-ce86e8d0d81a

Thank you."
Important: Verify Your Account,"Dear user,

Your account has been flagged for suspicious activity. Please verify immediately at http://signmeta_maskk2.godaddysites.com/

Thank you."
Important: Verify Your Account,"Dear user,

Your account has been flagged for suspicious activity. Please verify immediately at https://yrdcuyvi.weebly.com/

Thank you."
Important: Verify Your Account,"Dear user,

Your account has been flagged for suspicious activity. Please verify immediately at https://laloccaia.com/wp-content/tt/sf_marley/sf_marley/?email=3mail@b.c

Thank you."
Important: Verify Your Account,"Dear user,

Your account has been flagged for suspicious activity. Please verify immediately at https://flaky-rose-zo1a2c6s16-9c77iwi0z1.edgeone.app/

Thank you."
Important: Verify Your Account,"Dear user,

Your account has been flagged for suspicious activity. Please verify immediately at https://231106.3640123259.workers.dev/

Thank you."
Important: Verify Your Account,"Dear user,

Your account has been flagged for suspicious activity. Please verify immediately at https://abhimanyukumar2057.github.io/Netflix-Clone.github.io/

Thank you."
Important: Verify Your Account,"Dear user,

Your account has been flagged for suspicious activity. Please verify immediately at https://shorten.ee/l5-nZ

Thank you."
Important: Verify Your Account,"Dear user,

Your account has been flagged for suspicious activity. Please verify immediately at https://cybernations.tech-institute.org/s/63BZGFSVBWSFCDX7Y9/584dd8/90eab167-7429-489f-99f6-ce86e8d0d81a

Thank you."
Important: Verify Your Account,"Dear user,

Your account has been flagged for suspicious activity. Please verify immediately at https://whats-fj.vip/

Thank you."
Important: Verify Your Account,"Dear user,

Your account has been flagged for suspicious activity. Please verify immediately at https://whats-fp.vip/

Thank you."
Important: Verify Your Account,"Dear user,

Your account has been flagged for suspicious activity. Please verify immediately at https://whats-fd.vip/

Thank you."
Important: Verify Your Account,"Dear user,

Your account has been flagged for suspicious activity. Please verify immediately at https://trezor-hardware-wallet-rf.pages.dev/

Thank you."
Important: Verify Your Account,"Dear user,

Your account has been flagged for suspicious activity. Please verify immediately at https://whats-fs.vip/

Thank you."
Important: Verify Your Account,"Dear user,

Your account has been flagged for suspicious activity. Please verify immediately at https://whats-fz.vip/

Thank you."
Important: Verify Your Account,"Dear user,

Your account has been flagged for suspicious activity. Please verify immediately at https://whats-fn.vip/

Thank you."
Important: Verify Your Account,"Dear user,

Your account has been flagged for suspicious activity. Please verify immediately at https://hadi454.github.io/netfilix-clon/

Thank you."
Important: Verify Your Account,"Dear user,

Your account has been flagged for suspicious activity. Please verify immediately at https://whats-hz.vip/

Thank you."
Important: Verify Your Account,"Dear user,

Your account has been flagged for suspicious activity. Please verify immediately at https://its-harshal.github.io/Netflix-Clone/

Thank you."
Important: Verify Your Account,"Dear user,

Your account has been flagged for suspicious activity. Please verify immediately at https://uophuldlhuognus.godaddysites.com/

Thank you."
Important: Verify Your Account,"Dear user,

Your account has been flagged for suspicious activity. Please verify immediately at https://pub-db8a555cc7604d94b73be74bd644de95.r2.dev/index.html

Thank you."
Important: Verify Your Account,"Dear user,

Your account has been flagged for suspicious activity. Please verify immediately at https://trezr-login-begin.pages.dev/

Thank you."
Important: Verify Your Account,"Dear user,

Your account has been flagged for suspicious activity. Please verify immediately at https://coinbase-1.vercel.app/

Thank you."
Important: Verify Your Account,"Dear user,

Your account has been flagged for suspicious activity. Please verify immediately at https://chautauquaresort.com/wp-content/uploads/2016/01/plugins/login.php

Thank you."
Important: Verify Your Account,"Dear user,

Your account has been flagged for suspicious activity. Please verify immediately at https://chautauquaresort.com/wp-content/uploads/2016/01/plugins/information.php?access.x13758437876&&data.x=en_40fa9b3eeb5273f6afe96ffd3

Thank you."
Important: Verify Your Account,"Dear user,

Your account has been flagged for suspicious activity. Please verify immediately at https://chautauquaresort.com/wp-content/uploads/2016/01/plugins/information.php?access.x99030266247&&data.x=en_1c2ae6ed9edef135cfe35314a

Thank you."
Important: Verify Your Account,"Dear user,

Your account has been flagged for suspicious activity. Please verify immediately at https://trezor-bridge-en-help.pages.dev/

Thank you."
Important: Verify Your Account,"Dear user,

Your account has been flagged for suspicious activity. Please verify immediately at https://pub-dc5e2b185ea941fca482351935a0f3be.r2.dev/index.html

Thank you."
Important: Verify Your Account,"Dear user,

Your account has been flagged for suspicious activity. Please verify immediately at https://connect-trezor-cdn.pages.dev/

Thank you."
Important: Verify Your Account,"Dear user,

Your account has been flagged for suspicious activity. Please verify immediately at https://park-pcnwnk.shop/pay

Thank you."
Important: Verify Your Account,"Dear user,

Your account has been flagged for suspicious activity. Please verify immediately at https://harshkumar17052005.github.io/amazon-clone/

Thank you."
Important: Verify Your Account,"Dear user,

Your account has been flagged for suspicious activity. Please verify immediately at https://bafybeignquljvvqfud6sg7ifvk5c47l3d7uqawgg7tceb5igugd3stgk4u.ipfs.dweb.link/

Thank you."
Important: Verify Your Account,"Dear user,

Your account has been flagged for suspicious activity. Please verify immediately at https://nagendraaripaka.github.io/AmazonClone/

Thank you."
Important: Verify Your Account,"Dear user,

Your account has been flagged for suspicious activity. Please verify immediately at https://happydais.online/Deliveery/SF%20Express/index.php?email=phishing@dhl.com/

Thank you."
Important: Verify Your Account,"Dear user,

Your account has been flagged for suspicious activity. Please verify immediately at https://login.0365admin.me/svs8afrm5749g3f3

Thank you."
Important: Verify Your Account,"Dear user,

Your account has been flagged for suspicious activity. Please verify immediately at https://indapost.rjptg.top/in/

Thank you."
Important: Verify Your Account,"Dear user,

Your account has been flagged for suspicious activity. Please verify immediately at https://netflix-clone-mf49.vercel.app/

Thank you."
Important: Verify Your Account,"Dear user,

Your account has been flagged for suspicious activity. Please verify immediately at https://portaldetaxasecontratosdaconta.com/entrar.php

Thank you."
Important: Verify Your Account,"Dear user,

Your account has been flagged for suspicious activity. Please verify immediately at https://www.shh-y.com/

Thank you."
Important: Verify Your Account,"Dear user,

Your account has been flagged for suspicious activity. Please verify immediately at http://www.2ae316c8392f49c0b180c42ae17374ad.shh-y.com/

Thank you."
Important: Verify Your Account,"Dear user,

Your account has been flagged for suspicious activity. Please verify immediately at http://www.bae304d1c1f84c6a81e22c4e7c872053.shhxsh.com/

Thank you."
Important: Verify Your Account,"Dear user,

Your account has been flagged for suspicious activity. Please verify immediately at http://www.shhxsh.com/

Thank you."
Important: Verify Your Account,"Dear user,

Your account has been flagged for suspicious activity. Please verify immediately at https://cuoinbaseseprolognusa.godaddysites.com/

Thank you."
Important: Verify Your Account,"Dear user,

Your account has been flagged for suspicious activity. Please verify immediately at http://ebay.futocoin.cc/

Thank you."
Important: Verify Your Account,"Dear user,

Your account has been flagged for suspicious activity. Please verify immediately at https://www.secure-id.net/

Thank you."
Important: Verify Your Account,"Dear user,

Your account has been flagged for suspicious activity. Please verify immediately at https://ipfs.io/ipfs/bafkreigz7flvdvk237qs5stnzzv3zzx7yqa2etulrumbic2isbawbab4lu

Thank you."
Important: Verify Your Account,"Dear user,

Your account has been flagged for suspicious activity. Please verify immediately at https://home-rent-application.vercel.app/

Thank you."
Important: Verify Your Account,"Dear user,

Your account has been flagged for suspicious activity. Please verify immediately at http://easybank-vert.vercel.app/

Thank you."
Important: Verify Your Account,"Dear user,

Your account has been flagged for suspicious activity. Please verify immediately at http://mail-modp-gov-pk-view.netlify.app/

Thank you."
Important: Verify Your Account,"Dear user,

Your account has been flagged for suspicious activity. Please verify immediately at https://dhlcvgjobs.com/auth.cfm?fs=nli&nli=true&path=/modules/portal/default.cfm&sign_in=true

Thank you."
Important: Verify Your Account,"Dear user,

Your account has been flagged for suspicious activity. Please verify immediately at https://dhlcvgjobs.com/auth.cfm/

Thank you."
Important: Verify Your Account,"Dear user,

Your account has been flagged for suspicious activity. Please verify immediately at https://ozsecurite.fr/red/wx.htm

Thank you."
Important: Verify Your Account,"Dear user,

Your account has been flagged for suspicious activity. Please verify immediately at https://meeta_maaskkginllo.godaddysites.com/

Thank you."
Important: Verify Your Account,"Dear user,

Your account has been flagged for suspicious activity. Please verify immediately at https://case1006svx21sgr88168-ehw4hsrfd-hiep10cc.vercel.app/lm34f8dshabvmlp.html/

Thank you."
Important: Verify Your Account,"Dear user,

Your account has been flagged for suspicious activity. Please verify immediately at https://advertising-service-control-operations-center.pages.dev/meta_for_business/

Thank you."
Important: Verify Your Account,"Dear user,

Your account has been flagged for suspicious activity. Please verify immediately at https://ledger-com-start-temp-en.pages.dev/

Thank you."
Important: Verify Your Account,"Dear user,

Your account has been flagged for suspicious activity. Please verify immediately at https://metramaskk_log.godaddysites.com/

Thank you."
Important: Verify Your Account,"Dear user,

Your account has been flagged for suspicious activity. Please verify immediately at https://kundeninformationcss-ruckerstattungonlinebeantragen.grizzlies.co.za/auth/web/index.php

Thank you."
Important: Verify Your Account,"Dear user,

Your account has been flagged for suspicious activity. Please verify immediately at https://asdplmoney.ru/pPhGSJZq

Thank you."
Important: Verify Your Account,"Dear user,

Your account has been flagged for suspicious activity. Please verify immediately at https://nerve-homeland-hz-syria.trycloudflare.com/

Thank you."
Important: Verify Your Account,"Dear user,

Your account has been flagged for suspicious activity. Please verify immediately at http://tuovp-swis.gsport.cl/ub4/?email=

Thank you."
Important: Verify Your Account,"Dear user,

Your account has been flagged for suspicious activity. Please verify immediately at https://wellcome-trezor.pages.dev/

Thank you."
Important: Verify Your Account,"Dear user,

Your account has been flagged for suspicious activity. Please verify immediately at https://coiynbaase_prolgin.godaddysites.com/

Thank you."
Important: Verify Your Account,"Dear user,

Your account has been flagged for suspicious activity. Please verify immediately at https://newbrushwork.click/vsmXGH1p

Thank you."
Important: Verify Your Account,"Dear user,

Your account has been flagged for suspicious activity. Please verify immediately at https://bestellung97265.com/get/266300375

Thank you."
Important: Verify Your Account,"Dear user,

Your account has been flagged for suspicious activity. Please verify immediately at https://jumpy-reassurance-202201.framer.app/

Thank you."
Important: Verify Your Account,"Dear user,

Your account has been flagged for suspicious activity. Please verify immediately at https://new-upholdlo-gin.pages.dev/

Thank you."
Important: Verify Your Account,"Dear user,

Your account has been flagged for suspicious activity. Please verify immediately at https://bmmopks.shop/

Thank you."
Important: Verify Your Account,"Dear user,

Your account has been flagged for suspicious activity. Please verify immediately at https://live-accs-online-checking-verifying-problems.barqmech.com/

Thank you."
Important: Verify Your Account,"Dear user,

Your account has been flagged for suspicious activity. Please verify immediately at http://wel-netcoin-feq-x.pages.dev/

Thank you."
Important: Verify Your Account,"Dear user,

Your account has been flagged for suspicious activity. Please verify immediately at http://im-tzke0v.info/

Thank you."
Important: Verify Your Account,"Dear user,

Your account has been flagged for suspicious activity. Please verify immediately at http://netfli-clone-mohit.netlify.app/

Thank you."
Important: Verify Your Account,"Dear user,

Your account has been flagged for suspicious activity. Please verify immediately at http://ee-service-help.firebaseapp.com/

Thank you."
Important: Verify Your Account,"Dear user,

Your account has been flagged for suspicious activity. Please verify immediately at https://testflix-nextjs.vercel.app/

Thank you."
Important: Verify Your Account,"Dear user,

Your account has been flagged for suspicious activity. Please verify immediately at http://ukcoiinbseprolozisg.godaddysites.com/

Thank you."
Important: Verify Your Account,"Dear user,

Your account has been flagged for suspicious activity. Please verify immediately at http://kartikjoshi7.github.io/netflix-clone/

Thank you."
Important: Verify Your Account,"Dear user,

Your account has been flagged for suspicious activity. Please verify immediately at https://testflix-nextjs.vercel.app/login

Thank you."
Important: Verify Your Account,"Dear user,

Your account has been flagged for suspicious activity. Please verify immediately at https://office-file.info/

Thank you."
Important: Verify Your Account,"Dear user,

Your account has been flagged for suspicious activity. Please verify immediately at https://lexuslxr.github.io/Netflix-clone/

Thank you."
Important: Verify Your Account,"Dear user,

Your account has been flagged for suspicious activity. Please verify immediately at https://ayesha-nisar1011.github.io/cinehub-ui/

Thank you."
Important: Verify Your Account,"Dear user,

Your account has been flagged for suspicious activity. Please verify immediately at https://roiequities.com/phone.number/Sites/index.html

Thank you."
Important: Verify Your Account,"Dear user,

Your account has been flagged for suspicious activity. Please verify immediately at https://cn.76mebetx.com/home/register/

Thank you."
Important: Verify Your Account,"Dear user,

Your account has been flagged for suspicious activity. Please verify immediately at https://38ec2593d4bf4137bf73fb69b2aefac6.rxbase.site/

Thank you."
Important: Verify Your Account,"Dear user,

Your account has been flagged for suspicious activity. Please verify immediately at http://bae304d1c1f84c6a81e22c4e7c872053.shhxsh.com/

Thank you."
Important: Verify Your Account,"Dear user,

Your account has been flagged for suspicious activity. Please verify immediately at http://manxvip271.com/

Thank you."
Important: Verify Your Account,"Dear user,

Your account has been flagged for suspicious activity. Please verify immediately at http://yekhazdcxk.duckdns.org/ja/main

Thank you."
Important: Verify Your Account,"Dear user,

Your account has been flagged for suspicious activity. Please verify immediately at https://wel-trezer-log-x.pages.dev/

Thank you."
Important: Verify Your Account,"Dear user,

Your account has been flagged for suspicious activity. Please verify immediately at https://blockf-en-hellp.pages.dev/

Thank you."
Important: Verify Your Account,"Dear user,

Your account has been flagged for suspicious activity. Please verify immediately at http://uphelds-io-login.pages.dev/

Thank you."
Important: Verify Your Account,"Dear user,

Your account has been flagged for suspicious activity. Please verify immediately at https://hemenkapinda.org/netflix/payment/

Thank you."
Important: Verify Your Account,"Dear user,

Your account has been flagged for suspicious activity. Please verify immediately at https://visitkrk.com/nofi01.html?38016

Thank you."
Important: Verify Your Account,"Dear user,

Your account has been flagged for suspicious activity. Please verify immediately at https://www.stablq-ws.xyz/

Thank you."
Important: Verify Your Account,"Dear user,

Your account has been flagged for suspicious activity. Please verify immediately at https://www.buzhajxna.top/

Thank you."
Important: Verify Your Account,"Dear user,

Your account has been flagged for suspicious activity. Please verify immediately at http://aexpsupport.duckdns.org/en/login/mc3zoqazkwsocknf5ajx6aacku3no9ddsql26i212rmpainp

Thank you."
Important: Verify Your Account,"Dear user,

Your account has been flagged for suspicious activity. Please verify immediately at http://aexpsupport.duckdns.org/en/login/by6k008em9lmonm6a13pcfgt2gfq0z5xipou478qayvmkq8l

Thank you."
Important: Verify Your Account,"Dear user,

Your account has been flagged for suspicious activity. Please verify immediately at https://djs.flipkart-offers.com/OFFER/cycle/

Thank you."
Important: Verify Your Account,"Dear user,

Your account has been flagged for suspicious activity. Please verify immediately at https://134-149-97-148.cprapid.com/fi/login.php

Thank you."
Important: Verify Your Account,"Dear user,

Your account has been flagged for suspicious activity. Please verify immediately at http://www.rxbase.site/

Thank you."
Important: Verify Your Account,"Dear user,

Your account has been flagged for suspicious activity. Please verify immediately at http://www.4c2fc219f941475e938e740515413e74.rxbase.site/

Thank you."
Important: Verify Your Account,"Dear user,

Your account has been flagged for suspicious activity. Please verify immediately at http://4c2fc219f941475e938e740515413e74.rxbase.site/

Thank you."
Important: Verify Your Account,"Dear user,

Your account has been flagged for suspicious activity. Please verify immediately at http://jayden.serv00.net/

Thank you."
Important: Verify Your Account,"Dear user,

Your account has been flagged for suspicious activity. Please verify immediately at https://38ec2593d4bf4137bf73fb69b2aefac6.rxbase.site/e37d054a5ce548b6a4dfdec247c6df2c

Thank you."
Important: Verify Your Account,"Dear user,

Your account has been flagged for suspicious activity. Please verify immediately at http://www.wap-whatsapp.com.cn/

Thank you."
Important: Verify Your Account,"Dear user,

Your account has been flagged for suspicious activity. Please verify immediately at https://faecbook.vn/tim-nguoi-nay-gap-ngay-26-thang-06-nam-2025?v

Thank you."
Important: Verify Your Account,"Dear user,

Your account has been flagged for suspicious activity. Please verify immediately at http://www.whatsappwebs.com.cn/

Thank you."
Important: Verify Your Account,"Dear user,

Your account has been flagged for suspicious activity. Please verify immediately at https://m-faecbook.com.vn/jzks6kho0aa?v

Thank you."
Important: Verify Your Account,"Dear user,

Your account has been flagged for suspicious activity. Please verify immediately at https://foirespace.top/cuXUKpVPJFPYzH8o1FkXE5%207n4fDwEJY7NckqLkKLq/u0c64toYK8ffIJJCgxzXZSmBk6%202hXls8kAwAUO0haTNK/t2gZp+dNJwco8afUWxu5fjQ7ext7eHnZ0dU2+73TY/?naps

Thank you."
Important: Verify Your Account,"Dear user,

Your account has been flagged for suspicious activity. Please verify immediately at http://web.whatsappp.com.cn/

Thank you."
Important: Verify Your Account,"Dear user,

Your account has been flagged for suspicious activity. Please verify immediately at https://www.whatsapp-webs.com.cn/

Thank you."
Important: Verify Your Account,"Dear user,

Your account has been flagged for suspicious activity. Please verify immediately at http://sso-ledar-desktop.pages.dev/

Thank you."
Important: Verify Your Account,"Dear user,

Your account has been flagged for suspicious activity. Please verify immediately at http://quality-consistency-office-standards-assurance.pages.dev/welcome_to_meta_for_business

Thank you."
Important: Verify Your Account,"Dear user,

Your account has been flagged for suspicious activity. Please verify immediately at https://www.incc-parfums.com/

Thank you."
Important: Verify Your Account,"Dear user,

Your account has been flagged for suspicious activity. Please verify immediately at https://dev.wpmservice.finance.sspl.com.au/mobile/front/

Thank you."
Important: Verify Your Account,"Dear user,

Your account has been flagged for suspicious activity. Please verify immediately at http://wexauthau-reyk.web.app/

Thank you."
Important: Verify Your Account,"Dear user,

Your account has been flagged for suspicious activity. Please verify immediately at https://tokenhashnet.xyz/

Thank you."
Important: Verify Your Account,"Dear user,

Your account has been flagged for suspicious activity. Please verify immediately at https://bafybeidyjhvudof62jn7o6746utfllknvl4kx5wgemf6iorsmigz3lzvja.ipfs.dweb.link/

Thank you."
Important: Verify Your Account,"Dear user,

Your account has been flagged for suspicious activity. Please verify immediately at http://lilithandeveofficial.com/

Thank you."
Important: Verify Your Account,"Dear user,

Your account has been flagged for suspicious activity. Please verify immediately at http://ciiscp.org/wordpress/mail.uu.se.html

Thank you."
Important: Verify Your Account,"Dear user,

Your account has been flagged for suspicious activity. Please verify immediately at http://colossal-state-massive.on-fleek.app/ogqwejggatuxise5.html

Thank you."
Important: Verify Your Account,"Dear user,

Your account has been flagged for suspicious activity. Please verify immediately at https://bikashkumarpalai.github.io/Netflix-Ui-clone/

Thank you."
Important: Verify Your Account,"Dear user,

Your account has been flagged for suspicious activity. Please verify immediately at https://chinmay852.github.io/Netflix-Clone/

Thank you."
Important: Verify Your Account,"Dear user,

Your account has been flagged for suspicious activity. Please verify immediately at https://cn.mxcmer.com:9119/home/register?code=21750

Thank you."
Important: Verify Your Account,"Dear user,

Your account has been flagged for suspicious activity. Please verify immediately at https://mosumare.tripod.com/

Thank you."
Important: Verify Your Account,"Dear user,

Your account has been flagged for suspicious activity. Please verify immediately at http://kucoin-ol_loginn.godaddysites.com/

Thank you."
Important: Verify Your Account,"Dear user,

Your account has been flagged for suspicious activity. Please verify immediately at https://47820492-janehouston.pages.dev/help/contact/655042399738293/

Thank you."
Important: Verify Your Account,"Dear user,

Your account has been flagged for suspicious activity. Please verify immediately at http://kucoin_se-login-po.godaddysites.com/

Thank you."
Important: Verify Your Account,"Dear user,

Your account has been flagged for suspicious activity. Please verify immediately at https://logiin-_jaminia_-logiin.godaddysites.com/

Thank you."
Important: Verify Your Account,"Dear user,

Your account has been flagged for suspicious activity. Please verify immediately at http://lnu.akw.mybluehost.me/d/mm

Thank you."
Important: Verify Your Account,"Dear user,

Your account has been flagged for suspicious activity. Please verify immediately at http://kcoocucoin_logioi.godaddysites.com/

Thank you."
Important: Verify Your Account,"Dear user,

Your account has been flagged for suspicious activity. Please verify immediately at https://mit-amasklof-gen.godaddysites.com/

Thank you."
Important: Verify Your Account,"Dear user,

Your account has been flagged for suspicious activity. Please verify immediately at https://blackfe_loginn.godaddysites.com/

Thank you."
Important: Verify Your Account,"Dear user,

Your account has been flagged for suspicious activity. Please verify immediately at http://meltmquskrlgin_us.godaddysites.com/

Thank you."
Important: Verify Your Account,"Dear user,

Your account has been flagged for suspicious activity. Please verify immediately at https://usa_gamini-ushelp.godaddysites.com/

Thank you."
Important: Verify Your Account,"Dear user,

Your account has been flagged for suspicious activity. Please verify immediately at http://me-itay-mask_logjjin.godaddysites.com/

Thank you."
Important: Verify Your Account,"Dear user,

Your account has been flagged for suspicious activity. Please verify immediately at http://mottumask_usssa.godaddysites.com/

Thank you."
Important: Verify Your Account,"Dear user,

Your account has been flagged for suspicious activity. Please verify immediately at https://ruxbinhccd_-_loxin.godaddysites.com/

Thank you."
Important: Verify Your Account,"Dear user,

Your account has been flagged for suspicious activity. Please verify immediately at https://workstation-support.com/83491978871193d0b92f80deeaf8f06643aa7546

Thank you."
Important: Verify Your Account,"Dear user,

Your account has been flagged for suspicious activity. Please verify immediately at http://kkrakin-mogus.godaddysites.com/

Thank you."
Important: Verify Your Account,"Dear user,

Your account has been flagged for suspicious activity. Please verify immediately at https://blockchainnoderectify.pages.dev/index.html/wallet.html

Thank you."
Important: Verify Your Account,"Dear user,

Your account has been flagged for suspicious activity. Please verify immediately at https://blockchainnoderectify.pages.dev/wallet.html/wallet.html

Thank you."
Important: Verify Your Account,"Dear user,

Your account has been flagged for suspicious activity. Please verify immediately at https://sterianbratu.ro/net/

Thank you."
Important: Verify Your Account,"Dear user,

Your account has been flagged for suspicious activity. Please verify immediately at https://workstation-support.com/a1f0bbe498c9bc328095ffb25b184a86488ebd0d

Thank you."
Important: Verify Your Account,"Dear user,

Your account has been flagged for suspicious activity. Please verify immediately at https://workplacejjdd-sp69mevyb2.edgeone.app/excel.html

Thank you."
Important: Verify Your Account,"Dear user,

Your account has been flagged for suspicious activity. Please verify immediately at http://c62529086f5pricebf5fleesaee0afproduct.pages.dev/Alibaba_Manufacturer_Directory.html

Thank you."
Important: Verify Your Account,"Dear user,

Your account has been flagged for suspicious activity. Please verify immediately at https://anuskar123.github.io/Netflix-login-page/

Thank you."
Important: Verify Your Account,"Dear user,

Your account has been flagged for suspicious activity. Please verify immediately at https://sabin1011.github.io/Netflix-clone/

Thank you."
Important: Verify Your Account,"Dear user,

Your account has been flagged for suspicious activity. Please verify immediately at http://bitvavo.com.nl.services.cbz.poe.temporary.site/

Thank you."
